{
  "models": {
    "GRU": {
      "mean": 98.35826118787129,
      "std": 1.3399886760276696,
      "runs": [
        98.95833134651184,
        98.09027910232544,
        98.95833134651184,
        97.91666865348816,
        95.65972089767456,
        99.65277314186096,
        100.0,
        98.2905924320221,
        99.65277314186096,
        100.0,
        96.875,
        98.26388955116272,
        97.22222089767456,
        99.65277910232544,
        96.18055820465088
      ],
      "stability": "stable"
    },
    "MS3DGRU": {
      "mean": 98.40277830759685,
      "std": 1.8254773557085484,
      "runs": [
        98.61111044883728,
        100.0,
        98.61111044883728,
        99.65277314186096,
        100.0,
        99.30555820465088,
        100.0,
        97.91666865348816,
        99.65277910232544,
        98.95833134651184,
        97.91666865348816,
        96.7013955116272,
        92.53472089767456,
        98.09027910232544,
        98.09027910232544
      ],
      "stability": "unstable"
    },
    "MS3DStackedGRU": {
      "mean": 98.24430346488953,
      "std": 1.250084454585606,
      "runs": [
        96.18055820465088,
        99.65277910232544,
        99.30555820465088,
        99.65277910232544,
        97.22222089767456,
        97.91667461395264,
        99.30556416511536,
        97.94337749481201,
        99.30556416511536,
        99.67949390411377,
        97.7430522441864,
        97.0486044883728,
        95.65972089767456,
        98.4375,
        98.6111044883728
      ],
      "stability": "stable"
    },
    "StackedGRU": {
      "mean": 95.43187181154887,
      "std": 2.936660642463138,
      "runs": [
        98.95832538604736,
        98.26388955116272,
        98.2905924320221,
        98.95832538604736,
        93.05556416511536,
        96.36110663414001,
        94.79166865348816,
        92.5416648387909,
        94.79860663414001,
        92.5416648387909,
        93.40277910232544,
        88.54166865348816,
        95.13888955116272,
        98.26388955116272,
        97.56944179534912
      ],
      "stability": "unstable"
    }
  },
  "conclusion": "MS3DGRU shows the best performance (98.40%), while MS3DStackedGRU shows the best stability (std=1.25%)"
}